<configs>

<append xpath="/entity_classes">

<!-- Zombie Bunny -->
	
<entity_class name="animalZombieBunnyPLUS" extends="animalTemplateHostile"> <!-- Lion/Dire Wolf/Rabbit/Spider Base - Roar! -->
	<property name="UserSpawnType" value="Menu"/>
	<property name="Tags" value="entity,animal,zombie,hostile,rabbit,perkAT01,perkAT02,perkAT03"/>
	<property name="MapIcon" value="ui_game_symbol_tracking_rabbit"/>
	<property name="TrackerIcon" value="ui_game_symbol_tracking_rabbit"/>
	<property name="PhysicsBody" value="rabbit"/>
	<property name="Class" value="EntityEnemyAnimal"/>
	<property name="Mass" value="125"/>
	<property name="Prefab" value="/Entities/Animals/Rabbit/RABBIT"/>
	<property name="ReplaceMaterial0" value="Entities/Animals/Bear/Materials/zBear"/>
	<property name="ReplaceMaterial1" value="Materials/UMAFur_ZombieBear"/>
	<property name="SizeScale" value="3.0"/>

	<property name="SoundRandom" value="mlionroam"/>
	<property name="SoundAlert" value="mlionalert"/>
	<property name="SoundHurt" value="Animals/rabbitpain"/>
	<property name="SoundDeath" value="mliondeath"/>
	<property name="SoundAttack" value="mlionattack"/>
	<property name="SoundSense" value="mlionsense"/>
	<property name="SoundGiveUp" value="mliongiveup"/>
	<property name="HasRagdoll" value="false"/>
	<property name="CanBigHead" value="false" />

	<property name="AITask-1" value="Leap" data="legs=4"/>
	<property name="AITask-2" value="BreakBlock"/>
	<property name="AITask-3" value="Territorial"/>
    <property name="AITask-4" value="DestroyArea"/>
	<!-- property name="AITask-4" value="RunawayWhenHurt" data="runChance=.4;healthPer=.1;healthPerMax=.4"/--> <!-- No running away ^^ -->
	<property name="AITask-5" value="ApproachAndAttackTarget" data="class=EntityAnimalStag,40,EntityPlayer,0,EntityNPC,0"/> <!-- Zombie Bear -->
	<property name="AITask-6" value="ApproachSpot"/>
	<property name="AITask-7" value="Look"/>
	<property name="AITask-8" value="Wander"/>
	<property name="AITask-9" value=""/>
	<property name="AITarget-1" value="SetAsTargetIfHurt"/>
	<property name="AITarget-2" value="BlockingTargetTask"/>
	<property name="AITarget-3" value="SetNearestEntityAsTarget" data="class=EntityPlayer,18,13,EntityAnimalStag,0,0"/> <!-- Zombie Bear -->
	<property name="AITarget-4" value=""/>

	<!-- Gameplay  -->
	<property name="MoveSpeed" value=".7"/>
	<property name="MoveSpeedAggro" value="2.1, 2.3"/>
	<property name="JumpDelay" value=".1"/>
	<property name="JumpMaxDistance" value="11, 13"/> <!-- Spider -->
	<property name="PainResistPerHit" value=".8"/>
	
	<property name="TimeStayAfterDeath" value="60"/>
	<property name="ExperienceGain" value="600"/>

	<property name="HandItem" value="meleeHandAnimalDireWolf"/>

	<effect_group name="Base Effects">
		<passive_effect name="HealthMax" operation="base_set" value="300"/>
	</effect_group>

	<drop event="Harvest" name="foodRawMeat" count="0" tool_category="Butcher"/>
	<drop event="Harvest" name="foodRottingFlesh" tag="butcherHarvest" count="10"/> <!-- animalZombieDog -->
	<drop event="Harvest" name="resourceLeather" tag="butcherHarvest" count="4"/>
	<drop event="Harvest" name="resourceAnimalFat" tag="butcherHarvest" count="1"/>
	<drop event="Harvest" name="resourceBone" tag="butcherHarvest" count="15"/>
	<drop event="Harvest" name="resourceBone" tag="allToolsHarvest" count="5"/>
	<drop event="Harvest" name="foodRottingFlesh" count="1" tag="WasteTreasuresCompleteHarvest"/>
	<drop event="Harvest" name="resourceLeather" count="1" tag="WasteTreasuresCompleteHarvest"/>
	<drop event="Harvest" name="resourceBone" count="1" tag="WasteTreasuresCompleteHarvest"/>

	<property name="NavObject" value="animaltracking_rabbit" />
</entity_class>

<!-- Big Snake -->

<entity_class name="animalZombieSnakePLUS" extends="animalTemplateHostile">
	<property name="UserSpawnType" value="Menu"/>
	<property name="Tags" value="entity,animal,hostile,zombie,snake,perkAT01,perkAT02,perkAT03"/>
	<property name="MapIcon" value="ui_game_symbol_tracking_snake"/>
	<property name="TrackerIcon" value="ui_game_symbol_tracking_snake"/>
	<property name="EntityType" value="Animal"/>
	<property name="Class" value="EntityAnimalSnake"/>
	<property name="Prefab" value="/Entities/Animals/Snake/snake_Prefab"/>
	<property name="AvatarController" value="AvatarAnimalController"/>
	<property name="HasRagdoll" value="false"/>
	<property name="RagdollOnDeathChance" value="0"/>
	<property name="Parent" value="Enemies"/>
	<property name="PhysicsBody" value="snake"/>
	<property name="Mass" value="100"/>
	<property name="Weight" value="210"/>
	<property name="LookAtAngle" value="0"/>
	<property name="ReplaceMaterial0" value="Entities/Animals/Bear/Materials/zBear"/>
	<property name="ReplaceMaterial1" value="Materials/UMAFur_ZombieBear"/>
	<property name="SizeScale" value="2.2"/>

	<property name="Faction" value="undead"/>

	<property name="AITask-1" value="BreakBlock"/>
	<property name="AITask-2" value="Territorial"/>
	<property name="AITask-3" value="ApproachAndAttackTarget" data="class=EntityPlayer,15,EntityNPC,15"/>
	<property name="AITask-4" value="ApproachSpot"/>
	<property name="AITask-5" value="Look"/>
	<property name="AITask-6" value="Wander"/>
	<property name="AITask-7" value=""/>
	<property name="AITarget-1" value="SetAsTargetIfHurt" data="class=EntityNPC,EntityPlayer"/>
	<property name="AITarget-2" value="BlockingTargetTask"/>
	<property name="AITarget-3" value="SetNearestCorpseAsTarget" data="class=EntityPlayer"/>
	<property name="AITarget-4" value="SetNearestEntityAsTarget" data="class=EntityPlayer,12,15,EntityNPC,0,0"/>
	<property name="AITarget-5" value=""/>

	<property name="WalkType" value="7"/>
	<property name="SoundHurt" value="Animals/Snake/snakepain"/>
	<property name="SoundDeath" value="Animals/Snake/snakedeath"/>
	<property name="SoundRandom" value="Animals/Snake/snakeroam"/>
	<property name="SoundSense" value="Animals/Snake/snakesense"/>
	<property name="SoundAlert" value="Animals/Snake/snakealert"/>
	<property name="SoundAttack" value="Animals/Snake/snakeattack"/>
	<property name="RootMotion" value="true"/>
	<property name="HasDeathAnim" value="true"/>

	<!-- Gameplay  -->
	<property name="MaxTurnSpeed" value="100"/>
	<property name="MoveSpeed" value="0.25"/>
	<property name="MoveSpeedAggro" value=".25, .3"/>
	<property name="MoveSpeedPanic" value="0.3"/>

	<property name="HandItem" value="meleeHandanimalZombieSnakePLUS"/>
	<property name="AttackTimeoutDay" value="1.5"/>
	<property name="AttackTimeoutNight" value="1.1"/>

	<property name="PainResistPerHit" value="-1"/> <!-- no pain -->

	<property name="ExperienceGain" value="350"/>
	<property name="DeadBodyHitPoints" value="150"/>
	<drop event="Harvest" name="foodRawMeat" count="0" tool_category="Butcher"/>
	<drop event="Harvest" name="foodRottingFlesh" tag="butcherHarvest" count="12"/>
	<drop event="Harvest" name="resourceLeather" tag="butcherHarvest" count="3"/>
	<drop event="Harvest" name="resourceBone" tag="butcherHarvest" count="6"/>
	<drop event="Harvest" name="resourceBone" tag="allToolsHarvest" count="3"/>
	<drop event="Harvest" name="foodRottingFlesh" count="1" tag="WasteTreasuresCompleteHarvest"/>
	<drop event="Harvest" name="resourceLeather" count="1" tag="WasteTreasuresCompleteHarvest"/>
	<drop event="Harvest" name="resourceBone" count="1" tag="WasteTreasuresCompleteHarvest"/>

	<effect_group name="Base Effects">
		<passive_effect name="HealthMax" operation="base_set" value="380"/>
	</effect_group>

	<property name="CanBigHead" value="false" />
	<property name="NavObject" value="twitch_spawn,twitch_spawn_other,animaltracking_snake,clear_sleeper" />
</entity_class>

<!-- Battle Chicken -->

		<entity_class name="animalZombieChickenPLUS" extends="animalTemplateHostile">
			<property name="UserSpawnType" value="Menu"/>
			<property name="Tags" value="entity,animal,hostile,zombie,chicken,perkAT01,perkAT02,perkAT03"/>
			<property name="ExperienceGain" value="1000"/>
			<property name="MapIcon" value="ui_game_symbol_tracking_chicken"/>
			<property name="TrackerIcon" value="ui_game_symbol_tracking_chicken"/>
			<property name="SizeScale" value="2.3"/>	
			<property name="Prefab" value="/Entities/Animals/CHICKEN/chickenPrefab"/>		
			<property name="Class" value="EntityEnemyAnimal"/>
			<property name="Parent" value="Animals"/>
			<property name="Faction" value="animals"/>
			<property name="PhysicsBody" value="chicken"/>
			<property name="Mass" value="45"/>
			<property name="Weight" value="30"/>
			<property name="SoundHurt" value="Animals/Chicken/chickenpain"/>
			<property name="SoundDeath" value="Animals/Chicken/chickendeath"/>
			<property name="SwimOffset" value="2"/>
			<property name="HasRagdoll" value="false"/>
			<property name="HasDeathAnim" value="false"/>
	
			<property name="HandItem" value="meleeHandanimalZombieChickenPLUS"/>
	
	
			<property name="AITask-1" value="BreakBlock"/>
			<property name="AITask-2" value="RangedAttackTarget" data="itemType=1;cooldown=3;duration=5"/>	
			<property name="AITask-3" value="Leap"/>
			<property name="AITask-4" value="Territorial"/>
			<property name="AITask-5" value="ApproachAndAttackTarget" data="class=EntityPlayer,15"/>
			<property name="AITask-6" value="ApproachSpot"/>
			<property name="AITask-7" value="Look"/>
			<property name="AITask-8" value="Wander"/>
	
			<property name="AITask-9" value=""/>
			<property name="AITarget-1" value="SetAsTargetIfHurt"/>
			<property name="AITarget-2" value="BlockingTargetTask"/>
			<property name="AITarget-3" value="SetNearestEntityAsTarget" data="class=EntityPlayer,24,12"/>
			<property name="AITarget-4" value=""/>
	
			<property name="CanClimbVertical" value="true"/>
			<property name="JumpMaxDistance" value="4, 12"/>

			<!-- Gameplay -->
			<property name="MoveSpeedPanic" value="1.3"/>
			<property name="ExperienceGain" value="800"/>
			<property name="DeadBodyHitPoints" value="200"/>
			<drop event="Harvest" name="foodRawMeat" count="0" tool_category="Butcher"/>
			<drop event="Harvest" name="foodRottingFlesh" tag="butcherHarvest" count="15"/>
			<drop event="Harvest" name="resourceFeather" tag="butcherHarvest" count="10"/>
			<drop event="Harvest" name="resourceBone" tag="butcherHarvest" count="15"/>
			<drop event="Harvest" name="resourceBone" tag="allToolsHarvest" count="5"/>
			<drop event="Harvest" name="foodRottingFlesh" count="1" tag="WasteTreasuresCompleteHarvest"/>
			<drop event="Harvest" name="resourceBone" count="1" tag="WasteTreasuresCompleteHarvest"/>
			<drop event="Harvest" name="foodEgg" tag="butcherHarvest" count="1,2"/>
			<drop event="Harvest" name="foodEgg" tag="allToolsHarvest" count="1,2"/>
			<effect_group name="Base Effects">
				<passive_effect name="HealthMax" operation="base_set" value="500"/>
				<triggered_effect trigger="onSelfFirstSpawn" action="AddBuff" target="self" buff="animalZombieChickenPLUSDeco"/>
				<triggered_effect trigger="onOtherDamagedSelf" action="ModifyCVar" target="self" cvar="RadiatedRegenAmount" operation="set" value="4"/>
				<triggered_effect trigger="onOtherDamagedSelf" action="AddBuff" target="self" buff="buffRadiatedRegen"/>
			</effect_group>

			<property name="NavObject" value="animaltracking_chicken" />
		</entity_class>
		
<!-- Zombie Grace -->
		
<entity_class name="animalBossZombieGracePLUS" extends="animalBoar">
	<property name="Tags" value="entity,animal,hostile,zombie,boar,perkAT03,boss"/>
	<property name="IsEnemyEntity" value="true"/>
	<property name="ReplaceMaterial0" value="Entities/Animals/Bear/Materials/zBear"/>
	<property name="ReplaceMaterial1" value="Entities/Animals/Boar/Materials/GRACE"/>
	<!--<property name="ParticleOnSpawn" value="ParticleEffects/RadiatedParticlesOnMesh" param1="SetShapeToMesh0"/>-->
	<property name="Mass" value="1200"/>
	<property name="Prefab" value="/Entities/Animals/Boar/AnimalBossGrace"/>
	<property name="SoundRandom" value="Animals/Boar/boarroam"/>
	<property name="SoundAlert" value="Animals/Boar/boaralert"/>
	<property name="SoundHurt" value="Animals/Boar/boarpain"/>
	<property name="SoundDeath" value="Animals/Boar/boardeath"/>
	<property name="SoundAttack" value="Animals/Boar/boarattack"/>
	<property name="SoundSense" value="Animals/Boar/boarsense"/>
	<property name="SoundGiveUp" value="Animals/Boar/boargiveup"/>
	<property name="DismemberMultiplierHead" value="0"/>

	<property name="AITask-1" value="BreakBlock"/>
	<property name="AITask-2" value="DestroyArea"/>
	<property name="AITask-3" value="Territorial"/>
	<property name="AITask-4" value="ApproachAndAttackTarget" data="class=EntityPlayer,30"/>
	<property name="AITask-5" value="ApproachSpot"/>
	<property name="AITask-6" value="Look"/>
	<property name="AITask-7" value="Wander"/>
	<property name="AITask-8" value=""/>
	<property name="AITarget-1" value="SetAsTargetIfHurt"/>
	<property name="AITarget-2" value="BlockingTargetTask"/>
	<property name="AITarget-3" value="SetNearestCorpseAsTarget" data="class=EntityPlayer"/>
	<property name="AITarget-4" value="SetNearestEntityAsTarget" data="class=EntityPlayer,0,0"/>
	<property name="AITarget-5" value=""/>

	<!-- Gameplay  -->
	<property name="PainResistPerHit" value=".9"/>
	<property name="MoveSpeed" value=".15"/>
	<property name="MoveSpeedAggro" value=".7, .75"/>
	<property name="MoveSpeedPanic" value="1.1"/>

	<property name="HandItem" value="meleeHandBossGrace"/>

	<property name="ExperienceGain" value="1200"/><!-- XP strong -->
	<drop event="Harvest" name="foodRawMeat" count="0" tool_category="Butcher"/>
	<drop event="Harvest" name="foodRottingFlesh" tag="butcherHarvest" count="100"/> <!-- animalBoar -->
	<drop event="Harvest" name="resourceLeather" tag="butcherHarvest" count="70"/>
	<drop event="Harvest" name="resourceAnimalFat" tag="butcherHarvest" count="20"/>
	<drop event="Harvest" name="resourceBone" tag="butcherHarvest" count="50"/>
	<drop event="Harvest" name="resourceBone" tag="butcherHarvest" count="10"/>
	<drop event="Harvest" name="foodRottingFlesh" count="1" tag="WasteTreasuresCompleteHarvest"/>
	<drop event="Harvest" name="resourceLeather" count="1" tag="WasteTreasuresCompleteHarvest"/>
	<drop event="Harvest" name="resourceBone" count="1" tag="WasteTreasuresCompleteHarvest"/>

	<effect_group name="Base Effects">
		<passive_effect name="HealthMax" operation="base_set" value="2000"/>
		<passive_effect name="EntityDamage" operation="perc_add" value=".5"/> <!-- Feral damage -->
	</effect_group>

</entity_class>

<!-- Large Plasma Vulture -->
		
<entity_class name="animalZombieLargePlasmaVulturePLUS" extends="animalZombieVulture">
	<property name="Tags" value="entity,animal,zombie,hostile,vulture"/>
	<property name="Class" value="EntityVulture"/>
	<property name="EntityType" value="Zombie"/>
	<property name="AvatarController" value="AvatarAnimalController"/>
	<property name="ModelType" value="Standard"/>
	<property name="HasRagdoll" value="true"/>
	<property name="PhysicsBody" value="vulture"/>
	<property name="Mass" value="70"/>
	<property name="Mesh" value="Animals/Vulture/animalVultureStandardRagdoll"/>
	<property name="SizeScale" value="1.7"/>

	<!-- Gameplay  -->
	<property name="MoveSpeed" value="1.2"/>
	<property name="MoveSpeedAggro" value="2.1, 2.1"/> <!-- Used when player in vehicle -->
	<property name="MaxTurnSpeed" value="190"/>

	<property name="HandItem" value="meleeHandanimalZombieLargePlasmaVulturePLUS"/>
	<property name="Immunity" value="sickness;disease;wellness"/> <!-- bleeding; -->
	<property name="ExperienceGain" value="850"/><!-- XP grunt radiated -->

	<property name="DismemberMultiplierLegs" value="0"/>
	<property name="PainResistPerHit" value="-1"/> <!-- no pain -->

	<property name="DeadBodyHitPoints" value="200"/>
	<drop event="Harvest" name="foodRawMeat" count="0" tool_category="Butcher"/>
	<drop event="Harvest" name="foodRottingFlesh" tag="butcherHarvest" count="20"/> <!-- animalZombieLargeVulture -->
	<drop event="Harvest" name="resourceFeather" tag="butcherHarvest" count="35"/>
	<drop event="Harvest" name="resourceBone" tag="butcherHarvest" count="10"/>
	<drop event="Harvest" name="resourceBone" tag="allToolsHarvest" count="5"/>

	<effect_group name="Base Effects">
		<passive_effect name="HealthMax" operation="base_set" value="380"/>
		<passive_effect name="EntityDamage" operation="perc_add" value=".4"/> <!-- Feral damage -->
		<triggered_effect trigger="onOtherDamagedSelf" action="ModifyCVar" target="self" cvar="RadiatedRegenAmount" operation="set" value="4"/>
		<triggered_effect trigger="onOtherDamagedSelf" action="AddBuff" target="self" buff="buffRadiatedRegen"/>
	</effect_group>
</entity_class>
	
		<!-- Spider Glider Fire Starter -->

		<entity_class name="zombieSpiderFeralGliderPLUS" extends="zombieSpiderFeral">
			<property name="Tags" value="entity,zombie,walker,feral,radiated,hostile,vulture"/>
			<property name="Class" value="EntityVulture"/>
			<property name="Mesh" value="@:Entities/Zombies/Prefabs/ZSpiderFeral.prefab"/>
			<property name="Mass" value="50"/>
			<property name="MoveSpeed" value=".7"/>
			<property name="MoveSpeedAggro" value="2, 2"/>
			<property name="MaxTurnSpeed" value="150"/>
			<property name="HandItem" value="meleeHandzombieSpiderFeralGliderPLUS"/>
			<property name="AITask-1" value="ApproachAndAttackTarget" data="class=EntityPlayer,200"/>
			<property name="AITask-2" value="BreakBlock"/>
			<property name="AITask-3" value="RunawayWhenHurt" data="runChance=0.5;healthPer=0.3;healthPerMax=0.6"/>
			<property name="AITask-4" value="ApproachSpot"/>
			<property name="AITask-5" value="Wander"/>
			<property name="AITask-6" value=""/>
			<property name="AITarget-1" value="SetNearestEntityAsTarget" data="class=EntityPlayer,200,200"/>
			<property name="AITarget-2" value="BlockingTargetTask"/>
			<property name="DismemberMultiplierHead" value=".2"/>
			<property name="DismemberMultiplierArms" value=".2"/>
			<property name="DismemberMultiplierLegs" value=".2"/>
			<property name="PainResistPerHit" value="1"/>
			<property name="LegCrawlerThreshold" value="0"/>
			<property name="LegCrippleThreshold" value="0"/>
			<property name="KnockdownProneDamageThreshold" value="0"/>
			<property name="KnockdownProneStunDuration" value="0"/>
			<property name="KnockdownProneRefillRate" value="0"/>
			<property name="KnockdownKneelDamageThreshold" value="0"/>
			<property name="KnockdownKneelStunDuration" value="0"/>
			<property name="KnockdownKneelRefillRate" value="0"/>
			<property name="LegsExplosionDamageMultiplier" value=".85"/>
			<property name="ArmsExplosionDamageMultiplier" value=".85"/>
			<property name="HeadExplosionDamageMultiplier" value=".85"/>
			<property name="ChestExplosionDamageMultiplier" value=".85"/>
			<property name="ExperienceGain" value="1750"/>
			<property name="LootDropEntityClass" value="EntityLootContainerBoss"/>
			<property name="LootDropProb" value="0.25"/>
			<effect_group name="Base Effects">
				<passive_effect name="HealthMax" operation="base_set" value="1250"/>
				<triggered_effect trigger="onSelfFirstSpawn" action="AddBuff" target="self" buff="zombieSpiderFeralGliderPLUSDeco"/>
				<triggered_effect trigger="onSelfFirstSpawn" action="ModifyCVar" target="self" cvar="EntityBoss" operation="set" value="1"/>
				<triggered_effect trigger="onOtherDamagedSelf" action="ModifyCVar" target="self" cvar="RadiatedRegenAmount" operation="set" value="5"/>
				<triggered_effect trigger="onOtherDamagedSelf" action="AddBuff" target="self" buff="buffRadiatedRegen"/>
			</effect_group>
		</entity_class>
		
		<!-- Spider Drone Pipe Bomber -->
		
		<entity_class name="zombieSpiderFeralBomberPLUS" extends="zombieSpiderFeral">
			<property name="Tags" value="entity,zombie,walker,feral,radiated,hostile,vulture"/>
			<property name="Class" value="EntityVulture"/>
			<property name="Mesh" value="@:Entities/Zombies/Prefabs/ZSpiderFeral.prefab"/>
			<property name="Mass" value="50"/>
			<property name="MoveSpeed" value=".7"/>
			<property name="MoveSpeedAggro" value="2, 2"/>
			<property name="MaxTurnSpeed" value="150"/>
			<property name="HandItem" value="meleeHandzombieSpiderFeralBomberPLUS"/>
			<property name="AITask-1" value="ApproachAndAttackTarget" data="class=EntityPlayer,200"/>
			<property name="AITask-2" value="BreakBlock"/>
			<property name="AITask-3" value="RunawayWhenHurt" data="runChance=0.5;healthPer=0.3;healthPerMax=0.6"/>
			<property name="AITask-4" value="ApproachSpot"/>
			<property name="AITask-5" value="Wander"/>
			<property name="AITask-6" value=""/>
			<property name="AITarget-1" value="SetNearestEntityAsTarget" data="class=EntityPlayer,200,200"/>
			<property name="AITarget-2" value="BlockingTargetTask"/>
			<property name="DismemberMultiplierHead" value=".2"/>
			<property name="DismemberMultiplierArms" value=".2"/>
			<property name="DismemberMultiplierLegs" value=".2"/>
			<property name="PainResistPerHit" value="1"/>
			<property name="LegCrawlerThreshold" value="0"/>
			<property name="LegCrippleThreshold" value="0"/>
			<property name="KnockdownProneDamageThreshold" value="0"/>
			<property name="KnockdownProneStunDuration" value="0"/>
			<property name="KnockdownProneRefillRate" value="0"/>
			<property name="KnockdownKneelDamageThreshold" value="0"/>
			<property name="KnockdownKneelStunDuration" value="0"/>
			<property name="KnockdownKneelRefillRate" value="0"/>
			<property name="LegsExplosionDamageMultiplier" value=".85"/>
			<property name="ArmsExplosionDamageMultiplier" value=".85"/>
			<property name="HeadExplosionDamageMultiplier" value=".85"/>
			<property name="ChestExplosionDamageMultiplier" value=".85"/>
			<property name="ExperienceGain" value="1750"/>
			<property name="LootDropEntityClass" value="EntityLootContainerBoss"/>
			<property name="LootDropProb" value="0.25"/>
			<effect_group name="Base Effects">
				<passive_effect name="HealthMax" operation="base_set" value="1250"/>
				<triggered_effect trigger="onSelfFirstSpawn" action="AddBuff" target="self" buff="zombieSpiderFeralBomberPLUSDeco"/>
				<triggered_effect trigger="onSelfFirstSpawn" action="ModifyCVar" target="self" cvar="EntityBoss" operation="set" value="1"/>
				<triggered_effect trigger="onOtherDamagedSelf" action="ModifyCVar" target="self" cvar="RadiatedRegenAmount" operation="set" value="5"/>
				<triggered_effect trigger="onOtherDamagedSelf" action="AddBuff" target="self" buff="buffRadiatedRegen"/>
			</effect_group>
		</entity_class>
		
		<!-- M60 Demolition -->
		
<entity_class name="zombieM60DemolitionPLUS" extends="zombieDemolition"> <!-- + 10% hits and gains -->
	<property name="Tags" value="entity,zombie,walker,boss"/>
	<property name="Mesh" value="@:Entities/Zombies/Prefabs/ZDemolition.prefab"/>
	<property name="Class" value="EntityZombieCop"/>
	<property name="Mass" value="300"/>

	<property name="AITask-1" value="BreakBlock"/>
	<property name="AITask-2" value="RangedAttackTarget" data="itemType=1;cooldown=4;duration=5"/>
	<property name="AITask-3" value="ApproachAndAttackTarget" data="class=EntityNPC,0,EntityEnemyAnimal,0,EntityPlayer,0"/>
	<property name="AITask-4" value="ApproachSpot"/>
	<property name="AITask-5" value="Look"/>
	<property name="AITask-6" value="Wander"/>
	<property name="AITask-7" value=""/><!-- Marks end, so we don't inheirit -->

	<property name="SoundRandom" value="demolitionzroam"/>
	<property name="SoundAlert" value="demolitionzalert"/>
	<property name="SoundAttack" value="demolitionzattack"/>
	<property name="SoundHurt" value="demolitionzpain"/>
	<property name="SoundDeath" value="demolitionzdeath"/>
	<property name="SoundSense" value="demolitionzsense"/>
	<property name="SoundFootstepModifier" value="bear_footstep"/>

	<!-- Gameplay zombieDemolition -->
	<property name="ExplodeHealthThreshold" value="0"/>
	<property name="HandItem" value="meleeHandZombieM60DemolitionPLUS"/>
	<property name="JumpMaxDistance" value="1, 2"/>
	<property name="PainResistPerHit" value=".5"/>
	<property name="Explosion.ParticleIndex" value="2"/>
	<property name="Explosion.RadiusBlocks" value="5"/>
	<property name="Explosion.RadiusEntities" value="6"/>
	<property name="Explosion.BlockDamage" value="5500"/>
	<property name="Explosion.EntityDamage" value="880"/>
	<property name="Explosion.DamageBonus.earth" value=".1"/>
	<property name="StompsSpikes" value="true"/>
	<property name="ExplodeDelay" value="2"/>
	<property name="ExplodeHealthThreshold" value="0"/> <!-- Disable Health explosion -->
	<property name="SoundExplodeWarn" value="demolitionzexplodewarning"/>
	<property name="SoundTick" value="demolitionz_beep,.5,.9"/>

	<property name="ExperienceGain" value="825"/>
	<property name="LootDropEntityClass" value="EntityLootContainerBoss"/>
	<property name="LootDropProb" value=".25"/>

	<effect_group name="Base Effects">
		<triggered_effect trigger="onSelfFirstSpawn" action="AddBuff" target="self" buff="zombieM60DemolitionPLUSDeco"/>
		<passive_effect name="HealthMax" operation="base_set" value="1100"/>
		<passive_effect name="DamageModifier" operation="perc_set" value="1" tags="head"/>
		<passive_effect name="PhysicalDamageResist" operation="base_set" value="60"/>
		<triggered_effect trigger="onSelfFirstSpawn" action="ModifyCVar" target="self" cvar="EntityBoss" operation="set" value="1"/>
	</effect_group>
</entity_class>

		<!-- SMG Arlene -->

<entity_class name="zombieSMGArlenePLUS" extends="zombieArleneRadiated"> <!-- + 10% hits and gains -->
	<property name="Tags" value="entity,zombie,walker,feral,radiated"/>
	<property name="Mesh" value="@:Entities/Zombies/Prefabs/ZArleneFeral.prefab"/>
	<property name="Class" value="EntityZombieCop"/> <!-- Required to activate melee audio for gunfire -->
	
	<property name="AITask-1" value="BreakBlock"/>
	<property name="AITask-2" value="RangedAttackTarget" data="itemType=1;cooldown=4;duration=5"/>
	<property name="AITask-3" value="ApproachAndAttackTarget" data="class=EntityNPC,0,EntityEnemyAnimal,0,EntityPlayer,0"/>
	<property name="AITask-4" value="ApproachSpot"/>
	<property name="AITask-5" value="Look"/>
	<property name="AITask-6" value="Wander"/>
	<property name="AITask-7" value=""/><!-- Marks end, so we don't inheirit -->

	<!-- Gameplay zombieArleneRadiated -->
	<property name="ExplodeHealthThreshold" value="0"/>
	<property name="HandItem" value="meleeHandZombieSMGArlenePLUS"/>
	<property name="DismemberMultiplierHead" value=".4"/><property name="DismemberMultiplierArms" value=".4"/><property name="DismemberMultiplierLegs" value=".4"/><!-- Radiated -->
	<property name="PainResistPerHit" value=".9"/><!-- Radiated -->
	<property name="ExperienceGain" value="1320"/><!-- XP grunt radiated -->
	<property name="LootDropEntityClass" value="EntityLootContainerStrong"/>

	<effect_group name="Base Effects">
		<triggered_effect trigger="onSelfFirstSpawn" action="AddBuff" target="self" buff="zombieSMGArlenePLUSDeco"/>
		<passive_effect name="HealthMax" operation="base_set" value="496"/>
		<!--<passive_effect name="EntityDamage" operation="perc_add" value="0"/>--> <!-- Feral damage -->
		<triggered_effect trigger="onOtherDamagedSelf" action="ModifyCVar" target="self" cvar="RadiatedRegenAmount" operation="set" value="4"/>
		<triggered_effect trigger="onOtherDamagedSelf" action="AddBuff" target="self" buff="buffRadiatedRegen"/>
	</effect_group>
</entity_class>

		<!-- Tactical Assault Rifle Soldier -->

<entity_class name="zombieTARifleSoldierPLUS" extends="zombieSoldierRadiated"> <!-- + 10% hits and gains -->
	<property name="Tags" value="entity,zombie,walker,feral,radiated"/>
	<property name="Mesh" value="@:Entities/Zombies/Prefabs/ZSoldierFeral.prefab"/>
	<!--<property name="ParticleOnSpawn" value="ParticleEffects/RadiatedParticlesOnMesh" param1="SetShapeToMesh0"/>-->
	<property name="Class" value="EntityZombieCop"/> <!-- Required to activate melee audio for gunfire -->

	<property name="AITask-1" value="BreakBlock"/>
	<property name="AITask-2" value="RangedAttackTarget" data="itemType=1;cooldown=4;duration=5"/>
	<property name="AITask-3" value="ApproachAndAttackTarget" data="class=EntityNPC,0,EntityEnemyAnimal,0,EntityPlayer,0"/>
	<property name="AITask-4" value="ApproachSpot"/>
	<property name="AITask-5" value="Look"/>
	<property name="AITask-6" value="Wander"/>
	<property name="AITask-7" value=""/><!-- Marks end, so we don't inheirit -->

	<!-- Gameplay zombieSoldierRadiated -->
	<property name="ExplodeHealthThreshold" value="0"/>
	<property name="HandItem" value="meleeHandZombieTARifleSoldierPLUS"/>
	<property name="DismemberMultiplierHead" value=".4"/><property name="DismemberMultiplierArms" value=".4"/><property name="DismemberMultiplierLegs" value=".4"/><!-- Radiated -->
	<property name="PainResistPerHit" value=".9"/><!-- Radiated -->
	<property name="ExperienceGain" value="1320"/><!-- XP grunt radiated -->
	<property name="LootDropEntityClass" value="EntityLootContainerStrong"/>

	<effect_group name="Base Effects">
			<triggered_effect trigger="onSelfFirstSpawn" action="AddBuff" target="self" buff="zombieTARifleSoldierPLUSDeco"/>
		<passive_effect name="HealthMax" operation="base_set" value="595"/>
		<passive_effect name="PhysicalDamageResist" operation="base_set" value="50"/>
		<!--<passive_effect name="EntityDamage" operation="perc_add" value="0"/>--> <!-- Feral damage -->
		<triggered_effect trigger="onOtherDamagedSelf" action="ModifyCVar" target="self" cvar="RadiatedRegenAmount" operation="set" value="6"/>
		<triggered_effect trigger="onOtherDamagedSelf" action="AddBuff" target="self" buff="buffRadiatedRegen"/>
	</effect_group>
</entity_class>

		<!-- Hazmat Stun Baton -->

<entity_class name="zombieBatonHazmatPLUS" extends="zombieMaleHazmatRadiated"> <!-- + 10% hits and gains -->
	<property name="Tags" value="entity,zombie,walker,feral,radiated"/>
	<property name="Mesh" value="@:Entities/Zombies/Prefabs/ZHazmatFeral.prefab"/>

	<property name="WalkType" value="7"/>
	<property name="AINoiseSeekDist" value="6"/>
	<property name="AIPathCostScale" value=".65, .9"/>

	<!-- Gameplay zombieMaleHazmatRadiated -->
	<property name="MoveSpeedAggro" value=".6, 1.5"/>
	<property name="JumpMaxDistance" value=".5, .6"/>
	<property name="HandItem" value="meleeHandZombieBatonHazmatPLUS"/>
	<property name="LootDropEntityClass" value="EntityLootContainerStrong"/>
	
	<!-- Gameplay zombieBoeRadiated -->
	<property name="DismemberMultiplierHead" value=".4"/><property name="DismemberMultiplierArms" value=".4"/><property name="DismemberMultiplierLegs" value=".4"/><!-- Radiated -->
	<property name="PainResistPerHit" value=".9"/><!-- Radiated -->
	<property name="ExperienceGain" value="1320"/><!-- XP grunt radiated -->

	<effect_group name="Base Effects">
		<passive_effect name="HealthMax" operation="base_set" value="595"/>
		<!--<passive_effect name="EntityDamage" operation="perc_add" value="0"/>--> <!-- Feral damage -->
		<triggered_effect trigger="onSelfFirstSpawn" action="AddBuff" target="self" buff="zombieBatonHazmatPLUSDeco"/>
		<triggered_effect trigger="onOtherDamagedSelf" action="ModifyCVar" target="self" cvar="RadiatedRegenAmount" operation="set" value="4.5"/>
		<triggered_effect trigger="onOtherDamagedSelf" action="AddBuff" target="self" buff="buffRadiatedRegen"/>
	</effect_group>
</entity_class>

		<!-- Axe Lumberjack -->

<entity_class name="zombieSteelAxeLumberjackPLUS" extends="zombieLumberjackRadiated"> <!-- + 10% hits and gains -->
	<property name="Tags" value="entity,zombie,walker,feral,radiated"/>
	<property name="Mesh" value="@:Entities/Zombies/Prefabs/ZLumberjackFeral.prefab"/>
	<!--<property name="ParticleOnSpawn" value="ParticleEffects/RadiatedParticlesOnMesh" param1="SetShapeToMesh0"/>-->

	<!-- Gameplay zombieLumberjackRadiated -->
	<property name="DismemberMultiplierHead" value=".4"/><property name="DismemberMultiplierArms" value=".4"/><property name="DismemberMultiplierLegs" value=".4"/><!-- Radiated -->
	<property name="PainResistPerHit" value=".9"/><!-- Radiated -->
	<property name="ExperienceGain" value="1650"/><!-- XP strong radiated -->
	<property name="LootDropEntityClass" value="EntityLootContainerBoss"/>
	<property name="LootDropProb" value=".1"/>
	<property name="HandItem" value="meleeHandZombieDemolition"/>

	<effect_group name="Base Effects">
		<passive_effect name="HealthMax" operation="base_set" value="1188"/>
		<!--<passive_effect name="EntityDamage" operation="perc_add" value="0"/>--> <!-- Feral damage -->
		<triggered_effect trigger="onSelfFirstSpawn" action="AddBuff" target="self" buff="zombieSteelAxeLumberjackPLUSDeco"/>
		<triggered_effect trigger="onOtherDamagedSelf" action="ModifyCVar" target="self" cvar="RadiatedRegenAmount" operation="set" value="9"/>
		<triggered_effect trigger="onOtherDamagedSelf" action="AddBuff" target="self" buff="buffRadiatedRegen"/>
	</effect_group>
</entity_class>

		<!-- Machete Party Girl -->
		
<entity_class name="zombieMachetePartyGirlPLUS" extends="zombiePartyGirlRadiated"> <!-- + 10% hits and gains -->
	<property name="Tags" value="entity,zombie,walker,feral,radiated"/>
	<property name="Mesh" value="@:Entities/Zombies/Prefabs/ZCocktailWaitressFeral.prefab"/>
	<!--<property name="ParticleOnSpawn" value="ParticleEffects/RadiatedParticlesOnMesh" param1="SetShapeToMesh0"/>-->

	<!-- Gameplay zombiePartyGirlRadiated -->
	<property name="DismemberMultiplierHead" value=".4"/><property name="DismemberMultiplierArms" value=".4"/><property name="DismemberMultiplierLegs" value=".4"/><!-- Radiated -->
	<property name="PainResistPerHit" value=".9"/><!-- Radiated -->
	<property name="ExperienceGain" value="1320"/><!-- XP grunt radiated -->
	<property name="HandItem" value="meleeHandZombieStrongFeral"/>
	<property name="LootDropEntityClass" value="EntityLootContainerStrong"/>	

	<effect_group name="Base Effects">
		<passive_effect name="HealthMax" operation="base_set" value="496"/>
		<!--<passive_effect name="EntityDamage" operation="perc_add" value="0"/>--> <!-- Feral damage -->
		<triggered_effect trigger="onSelfFirstSpawn" action="AddBuff" target="self" buff="zombieMachetePartyGirlPLUSDeco"/>
		<triggered_effect trigger="onOtherDamagedSelf" action="ModifyCVar" target="self" cvar="RadiatedRegenAmount" operation="set" value="4"/>
		<triggered_effect trigger="onOtherDamagedSelf" action="AddBuff" target="self" buff="buffRadiatedRegen"/>
	</effect_group>
</entity_class>

		<!-- Pistol Business Man --> <!-- + 10% hits and gains -->

<entity_class name="zombiePistolBusinessManPLUS" extends="zombieBusinessManRadiated">	<property name="HideInSpawnMenu" value="false"/>
	<property name="Tags" value="entity,zombie,walker,feral"/>
	<!-- <property name="Buffs" value="buffLegendaryBoss"/> -->
	<property name="Mesh" value="@:Entities/Zombies/Prefabs/ZSuitFeral.prefab"/>
	<property name="Class" value="EntityZombieCop"/> <!-- Required to activate melee audio for gunfire -->
	
	<property name="AITask-1" value="BreakBlock"/>
	<property name="AITask-2" value="RangedAttackTarget" data="itemType=1;cooldown=4;duration=5"/>
	<property name="AITask-3" value="ApproachAndAttackTarget" data="class=EntityNPC,0,EntityEnemyAnimal,0,EntityPlayer,0"/>
	<property name="AITask-4" value="ApproachSpot"/>
	<property name="AITask-5" value="Look"/>
	<property name="AITask-6" value="Wander"/>
	<property name="AITask-7" value=""/><!-- Marks end, so we don't inheirit -->
	
	<property name="HandItem" value="meleeHandZombiePistolBusinessManPLUS"/>
	<property name="LootDropEntityClass" value="EntityLootContainerStrong"/>
	<!-- Gameplay zombieBusinessManRadiated -->
	<property name="ExplodeHealthThreshold" value="0"/>
	<property name="DismemberMultiplierHead" value=".4"/><property name="DismemberMultiplierArms" value=".4"/><property name="DismemberMultiplierLegs" value=".4"/><!-- Radiated -->
	<property name="PainResistPerHit" value=".9"/><!-- Radiated -->
	<property name="ExperienceGain" value="825"/><!-- XP grunt feral -->

	<effect_group name="Base Effects">
		<triggered_effect trigger="onSelfFirstSpawn" action="AddBuff" target="self" buff="zombiePistolBusinessManPLUSDeco"/>
		<passive_effect name="HealthMax" operation="base_set" value="990"/>
		<passive_effect name="EntityDamage" operation="perc_add" value="1"/> <!-- Boss damage -->
		<passive_effect name="HealthChangeOT" operation="base_set" value="1.4"/> <!-- Boss regen, 1% -->
		<triggered_effect trigger="onSelfFirstSpawn" action="ModifyCVar" target="self" cvar="EntityBoss" operation="set" value="1"/>
	</effect_group>
</entity_class>

		<!-- Nail Gun Utility Worker --> <!-- + 10% hits and gains -->

<entity_class name="zombieNailgunUtilityWorkerPLUS" extends="zombieUtilityWorkerRadiated">	<property name="HideInSpawnMenu" value="false"/>
	<property name="Tags" value="entity,zombie,walker,feral"/>
	<!-- <property name="Buffs" value="buffLegendaryBoss"/> -->
	<property name="Mesh" value="@:Entities/Zombies/Prefabs/ZWorkerFeral.prefab"/>
	<property name="Class" value="EntityZombieCop"/> <!-- Required to activate melee audio for gunfire -->
	
	<property name="AITask-1" value="BreakBlock"/>
	<property name="AITask-2" value="RangedAttackTarget" data="itemType=1;cooldown=4;duration=5"/>
	<property name="AITask-3" value="ApproachAndAttackTarget" data="class=EntityNPC,0,EntityEnemyAnimal,0,EntityPlayer,0"/>
	<property name="AITask-4" value="ApproachSpot"/>
	<property name="AITask-5" value="Look"/>
	<property name="AITask-6" value="Wander"/>
	<property name="AITask-7" value=""/><!-- Marks end, so we don't inheirit -->
	
	<property name="HandItem" value="meleeHandZombieNailgunUtilityWorkerPLUS"/>
	<property name="LootDropEntityClass" value="EntityLootContainerStrong"/>
	<!-- Gameplay zombieUtilityWorkerRadiated -->
	<property name="ExplodeHealthThreshold" value="0"/>
	<property name="DismemberMultiplierHead" value=".4"/><property name="DismemberMultiplierArms" value=".4"/><property name="DismemberMultiplierLegs" value=".4"/><!-- Radiated -->
	<property name="PainResistPerHit" value=".9"/><!-- Radiated -->
	<property name="ExperienceGain" value="1320"/><!-- XP grunt radiated -->

	<effect_group name="Base Effects">
		<triggered_effect trigger="onSelfFirstSpawn" action="AddBuff" target="self" buff="zombieNailgunUtilityWorkerPLUSDeco"/>
		<passive_effect name="HealthMax" operation="base_set" value="990"/>
		<passive_effect name="EntityDamage" operation="perc_add" value="1"/> <!-- Boss damage -->
		<passive_effect name="HealthChangeOT" operation="base_set" value="1.4"/> <!-- Boss regen, 1% -->
		<triggered_effect trigger="onSelfFirstSpawn" action="ModifyCVar" target="self" cvar="EntityBoss" operation="set" value="1"/>
	</effect_group>
</entity_class>

		<!-- Sniper Boe --> <!-- + 10% hits and gains -->

<entity_class name="zombieSniperBoePLUS" extends="zombieBoeRadiated">
	<property name="Tags" value="entity,zombie,walker,feral,radiated"/>
	<property name="Mesh" value="@:Entities/Zombies/Prefabs/ZBoeFeral.prefab"/>
	<property name="Class" value="EntityZombieCop"/> <!-- Required to activate melee audio for gunfire -->

	<property name="AITask-1" value="BreakBlock"/>
	<property name="AITask-2" value="RangedAttackTarget" data="itemType=1;cooldown=4;duration=5"/>
	<property name="AITask-3" value="ApproachAndAttackTarget" data="class=EntityNPC,0,EntityEnemyAnimal,0,EntityPlayer,0"/>
	<property name="AITask-4" value="ApproachSpot"/>
	<property name="AITask-5" value="Look"/>
	<property name="AITask-6" value="Wander"/>
	<property name="AITask-7" value=""/><!-- Marks end, so we don't inheirit -->

	<property name="HandItem" value="meleeHandZombieSniperBoePLUS"/>
	<property name="LootDropEntityClass" value="EntityLootContainerStrong"/>

	<!-- Gameplay zombieBoeRadiated --> <!-- + 10% hits and gains -->
	<property name="ExplodeHealthThreshold" value="0"/>
	<property name="DismemberMultiplierHead" value=".4"/><property name="DismemberMultiplierArms" value=".4"/><property name="DismemberMultiplierLegs" value=".4"/><!-- Radiated -->
	<property name="PainResistPerHit" value=".9"/><!-- Radiated -->
	<property name="ExperienceGain" value="1320"/><!-- XP grunt radiated -->

	<effect_group name="Base Effects">
		<triggered_effect trigger="onSelfFirstSpawn" action="AddBuff" target="self" buff="zombieSniperBoePLUSDeco"/>
		<passive_effect name="HealthMax" operation="base_set" value="595"/>
		<!--<passive_effect name="EntityDamage" operation="perc_add" value="0"/>--> <!-- Feral damage -->

		<triggered_effect trigger="onOtherDamagedSelf" action="ModifyCVar" target="self" cvar="RadiatedRegenAmount" operation="set" value="4.5"/>
		<triggered_effect trigger="onOtherDamagedSelf" action="AddBuff" target="self" buff="buffRadiatedRegen"/>
	</effect_group>
</entity_class>

		<!-- Chainsaw Moe --> <!-- + 10% hits and gains -->

<entity_class name="zombieChainsawMoePLUS" extends="zombieMoeRadiated">
	<property name="Tags" value="entity,zombie,walker,feral,radiated"/>
	<property name="Mesh" value="@:Entities/Zombies/Prefabs/ZMoeFeral.prefab"/>
	<!--<property name="ParticleOnSpawn" value="ParticleEffects/RadiatedParticlesOnMesh" param1="SetShapeToMesh0"/>-->

	<!-- Gameplay zombieMoeRadiated -->
	<property name="DismemberMultiplierHead" value=".4"/><property name="DismemberMultiplierArms" value=".4"/><property name="DismemberMultiplierLegs" value=".4"/><!-- Radiated -->
	<property name="PainResistPerHit" value=".9"/><!-- Radiated -->
	<property name="ExperienceGain" value="1320"/><!-- XP grunt radiated -->
	
	<property name="LootDropEntityClass" value="EntityLootContainerStrong"/>
	<property name="HandItem" value="meleeHandZombieChainsawMoePLUS"/>
	
	<effect_group name="Base Effects">
		<triggered_effect trigger="onSelfFirstSpawn" action="AddBuff" target="self" buff="zombieChainsawMoePLUSDeco"/>
		<passive_effect name="HealthMax" operation="base_set" value="595"/>
		<!--<passive_effect name="EntityDamage" operation="perc_add" value="0"/>--> <!-- Feral damage -->
		<triggered_effect trigger="onOtherDamagedSelf" action="ModifyCVar" target="self" cvar="RadiatedRegenAmount" operation="set" value="8"/>
		<triggered_effect trigger="onOtherDamagedSelf" action="AddBuff" target="self" buff="buffRadiatedRegen"/>
	</effect_group>
</entity_class>

		<!-- Desert Vulture Tom Clark --> <!-- + 10% hits and gains -->

<entity_class name="zombieDesertVultureTomClarkPLUS" extends="zombieTomClarkRadiated">
	<property name="Tags" value="entity,zombie,walker,feral,radiated"/>
	<property name="Mesh" value="@:Entities/Zombies/Prefabs/ZTomClarkFeral.prefab"/>
	<!--<property name="ParticleOnSpawn" value="ParticleEffects/RadiatedParticlesOnMesh" param1="SetShapeToMesh0"/>-->
	<property name="Class" value="EntityZombieCop"/> <!-- Required to activate melee audio for gunfire -->

	<property name="AITask-1" value="BreakBlock"/>
	<property name="AITask-2" value="RangedAttackTarget" data="itemType=1;cooldown=4;duration=5"/>
	<property name="AITask-3" value="ApproachAndAttackTarget" data="class=EntityNPC,0,EntityEnemyAnimal,0,EntityPlayer,0"/>
	<property name="AITask-4" value="ApproachSpot"/>
	<property name="AITask-5" value="Look"/>
	<property name="AITask-6" value="Wander"/>
	<property name="AITask-7" value=""/><!-- Marks end, so we don't inheirit -->

	<!-- Gameplay zombieTomClarkRadiated -->
	<property name="ExplodeHealthThreshold" value="0"/>
	<property name="DismemberMultiplierHead" value=".4"/><property name="DismemberMultiplierArms" value=".4"/><property name="DismemberMultiplierLegs" value=".4"/><!-- Radiated -->
	<property name="PainResistPerHit" value=".9"/><!-- Radiated -->
	<property name="ExperienceGain" value="1320"/><!-- XP grunt radiated -->
	
	<property name="LootDropEntityClass" value="EntityLootContainerStrong"/>
	<property name="HandItem" value="meleeHandZombieDesertVultureTomClarkPLUS"/>

	<effect_group name="Base Effects">
		<triggered_effect trigger="onSelfFirstSpawn" action="AddBuff" target="self" buff="zombieDesertVultureTomClarkPLUSDeco"/>
		<passive_effect name="HealthMax" operation="base_set" value="496"/>
		<!--<passive_effect name="EntityDamage" operation="perc_add" value="0"/>--> <!-- Feral damage -->
		<triggered_effect trigger="onOtherDamagedSelf" action="ModifyCVar" target="self" cvar="RadiatedRegenAmount" operation="set" value="4"/>
		<triggered_effect trigger="onOtherDamagedSelf" action="AddBuff" target="self" buff="buffRadiatedRegen"/>
	</effect_group>
</entity_class>

		<!-- Pump Shotgun Biker --> <!-- + 10% hits and gains -->

<entity_class name="zombiePumpShotgunBikerPLUS" extends="zombieBikerRadiated">
	<property name="Tags" value="entity,zombie,walker,feral,radiated"/>
	<property name="Mesh" value="@:Entities/Zombies/Prefabs/ZBikerFeral.prefab"/>
	<!--<property name="ParticleOnSpawn" value="ParticleEffects/RadiatedParticlesOnMesh" param1="SetShapeToMesh0"/>-->
	<property name="Class" value="EntityZombieCop"/> <!-- Required to activate melee audio for gunfire -->

	<property name="AITask-1" value="BreakBlock"/>
	<property name="AITask-2" value="RangedAttackTarget" data="itemType=1;cooldown=4;duration=5"/>
	<property name="AITask-3" value="ApproachAndAttackTarget" data="class=EntityNPC,0,EntityEnemyAnimal,0,EntityPlayer,0"/>
	<property name="AITask-4" value="ApproachSpot"/>
	<property name="AITask-5" value="Look"/>
	<property name="AITask-6" value="Wander"/>
	<property name="AITask-7" value=""/><!-- Marks end, so we don't inheirit -->

	<!-- Gameplay zombieBikerRadiated -->
	<property name="ExplodeHealthThreshold" value="0"/>
	<property name="DismemberMultiplierHead" value=".4"/><property name="DismemberMultiplierArms" value=".4"/><property name="DismemberMultiplierLegs" value=".4"/><!-- Radiated -->
	<property name="PainResistPerHit" value=".9"/><!-- Radiated -->
	<property name="ExperienceGain" value="1650"/><!-- XP strong radiated -->
	<property name="LootDropEntityClass" value="EntityLootContainerStrong"/>
	
	<property name="HandItem" value="meleeHandZombiePumpShotgunBikerPLUS"/>

	<effect_group name="Base Effects">
		<triggered_effect trigger="onSelfFirstSpawn" action="AddBuff" target="self" buff="zombiePumpShotgunBikerPLUSDeco"/>
		<passive_effect name="HealthMax" operation="base_set" value="1111"/>
		<passive_effect name="PhysicalDamageResist" operation="base_set" value="20"/>
		<!--<passive_effect name="EntityDamage" operation="perc_add" value="0"/>--> <!-- Feral damage -->
		<triggered_effect trigger="onOtherDamagedSelf" action="ModifyCVar" target="self" cvar="RadiatedRegenAmount" operation="set" value="9"/>
		<triggered_effect trigger="onOtherDamagedSelf" action="AddBuff" target="self" buff="buffRadiatedRegen"/>
	</effect_group>
</entity_class>

		<!-- Baton Fat Cop --> <!-- + 10% hits and gains / melee remains exactly the same due to explosion/block damage -->

<entity_class name="zombieBatonFatCopPLUS" extends="zombieFatCopRadiated">
	<property name="Tags" value="entity,zombie,walker,feral,radiated,zombieCop"/>
	<property name="Mesh" value="@:Entities/Zombies/Prefabs/ZCopFeral.prefab"/>
	<!--<property name="ParticleOnSpawn" value="ParticleEffects/RadiatedParticlesOnMesh" param1="SetShapeToMesh0"/>-->

	<!-- Gameplay zombieFatCopRadiated -->
	<property name="DismemberMultiplierHead" value=".4"/><property name="DismemberMultiplierArms" value=".4"/><property name="DismemberMultiplierLegs" value=".4"/><!-- Radiated -->
	<property name="PainResistPerHit" value=".9"/><!-- Radiated -->
	<property name="HandItem" value="meleeHandZombieCopRadiated"/>
	<property name="ExperienceGain" value="1650"/><!-- XP strong radiated -->
	<property name="LootDropEntityClass" value="EntityLootContainerStrong"/>

	<effect_group name="Base Effects">
		<triggered_effect trigger="onSelfFirstSpawn" action="AddBuff" target="self" buff="zombieBatonFatCopPLUSDeco"/>
		<passive_effect name="HealthMax" operation="base_set" value="1188"/>
		<!--<passive_effect name="EntityDamage" operation="perc_add" value="0"/>--> <!-- Feral damage -->
		<triggered_effect trigger="onOtherDamagedSelf" action="ModifyCVar" target="self" cvar="RadiatedRegenAmount" operation="set" value="9"/>
		<triggered_effect trigger="onOtherDamagedSelf" action="AddBuff" target="self" buff="buffRadiatedRegen"/>
		<triggered_effect trigger="onSelfFirstSpawn" action="ModifyCVar" target="self" cvar="EntityBoss" operation="set" value="1"/>
	</effect_group>

	<property name="Explosion.BlockDamage" value="750"/>
	<property name="Explosion.EntityDamage" value="250"/>
</entity_class>

		<!-- Steel Club Momma --> <!-- + 10% hits and gains -->
		
<entity_class name="zombieSteelClubFemaleFatPLUS" extends="zombieFemaleFatRadiated">
	<property name="Tags" value="entity,zombie,walker,feral,radiated"/>
	<property name="Mesh" value="@:Entities/Zombies/Prefabs/ZBigMamaFeral.prefab"/>
	<!--<property name="ParticleOnSpawn" value="ParticleEffects/RadiatedParticlesOnMesh" param1="SetShapeToMesh0"/>-->

	<!-- Gameplay zombieFemaleFatRadiated -->
	<property name="DismemberMultiplierHead" value=".4"/><property name="DismemberMultiplierArms" value=".4"/><property name="DismemberMultiplierLegs" value=".4"/><!-- Radiated -->
	<property name="PainResistPerHit" value=".9"/><!-- Radiated -->
	<property name="ExperienceGain" value="1650"/><!-- XP strong radiated -->
	<property name="LootDropEntityClass" value="EntityLootContainerStrong"/>

	<effect_group name="Base Effects">
		<passive_effect name="HealthMax" operation="base_set" value="1188"/>
		<triggered_effect trigger="onSelfFirstSpawn" action="AddBuff" target="self" buff="zombieSteelClubFemaleFatPLUSDeco"/>
		<!--<passive_effect name="EntityDamage" operation="perc_add" value="0"/>--> <!-- Feral damage -->
		<triggered_effect trigger="onOtherDamagedSelf" action="ModifyCVar" target="self" cvar="RadiatedRegenAmount" operation="set" value="9"/>
		<triggered_effect trigger="onOtherDamagedSelf" action="AddBuff" target="self" buff="buffRadiatedRegen"/>
	</effect_group>
</entity_class>

		<!-- Bolt Nurse --> <!-- + 10% hits and gains -->
		
<entity_class name="zombieBoltNursePLUS" extends="zombieNurseRadiated">
	<property name="Tags" value="entity,zombie,walker,feral,radiated"/>
	<property name="Mesh" value="@:Entities/Zombies/Prefabs/ZNurseFeral.prefab"/>
	<property name="Class" value="EntityZombieCop"/> <!-- Required to activate melee audio for gunfire -->

	<property name="AITask-1" value="BreakBlock"/>
	<property name="AITask-2" value="RangedAttackTarget" data="itemType=1;cooldown=4;duration=5"/>
	<property name="AITask-3" value="ApproachAndAttackTarget" data="class=EntityNPC,0,EntityEnemyAnimal,0,EntityPlayer,0"/>
	<property name="AITask-4" value="ApproachSpot"/>
	<property name="AITask-5" value="Look"/>
	<property name="AITask-6" value="Wander"/>
	<property name="AITask-7" value=""/><!-- Marks end, so we don't inheirit -->

	<!-- Gameplay zombieNurseRadiated -->
	<property name="ExplodeHealthThreshold" value="0"/>
	<property name="DismemberMultiplierHead" value=".4"/><property name="DismemberMultiplierArms" value=".4"/><property name="DismemberMultiplierLegs" value=".4"/><!-- Radiated -->
	<property name="PainResistPerHit" value=".9"/><!-- Radiated -->
	<property name="ExperienceGain" value="1320"/><!-- XP grunt radiated -->
	<property name="LootDropEntityClass" value="EntityLootContainerStrong"/>
	
	<property name="HandItem" value="meleeHandZombieBoltNursePLUS"/>

	<effect_group name="Base Effects">
		<passive_effect name="HealthMax" operation="base_set" value="496"/>
		<triggered_effect trigger="onSelfFirstSpawn" action="AddBuff" target="self" buff="zombieBoltNursePLUSDeco"/>
		<!--<passive_effect name="EntityDamage" operation="perc_add" value="0"/>--><!-- Feral damage -->
		<triggered_effect trigger="onOtherDamagedSelf" action="ModifyCVar" target="self" cvar="RadiatedRegenAmount" operation="set" value="4"/>
		<triggered_effect trigger="onOtherDamagedSelf" action="AddBuff" target="self" buff="buffRadiatedRegen"/>
	</effect_group>
</entity_class>

		<!-- Steel Sledgehammer Fat Hawaiian --> <!-- + 10% hits and gains -->

  <entity_class name="zombieSteelSledgehammerFatHawaiianPLUS" extends="zombieFatHawaiianRadiated">
	<property name="Tags" value="entity,zombie,walker,feral,radiated"/>
	<property name="Mesh" value="@:Entities/Zombies/Prefabs/ZHawaiianFeral.prefab"/>

	<!-- Gameplay zombieFatHawaiianRadiated -->
	<property name="DismemberMultiplierHead" value=".4"/><property name="DismemberMultiplierArms" value=".4"/><property name="DismemberMultiplierLegs" value=".4"/><!-- Radiated -->
	<property name="PainResistPerHit" value=".9"/><!-- Radiated -->
	<property name="ExperienceGain" value="1650"/><!-- XP strong radiated -->
	<property name="LootDropEntityClass" value="EntityLootContainerStrong"/>

	<effect_group name="Base Effects">
		<passive_effect name="HealthMax" operation="base_set" value="1188"/>
		<triggered_effect trigger="onSelfFirstSpawn" action="AddBuff" target="self" buff="zombieSteelSledgehammerFatHawaiianPLUSDeco"/>
		<!--<passive_effect name="EntityDamage" operation="perc_add" value="0"/>--> <!-- Feral damage -->
		<triggered_effect trigger="onOtherDamagedSelf" action="ModifyCVar" target="self" cvar="RadiatedRegenAmount" operation="set" value="9"/>
		<triggered_effect trigger="onOtherDamagedSelf" action="AddBuff" target="self" buff="buffRadiatedRegen"/>
	</effect_group>
  </entity_class>
  
		<!-- Radiated Feral Wight --> <!-- + 10% hits and gains -->
  
		<entity_class name="zombieWightRadiationShowerPLUS" extends="zombieWightRadiated">
			<property name="Tags" value="entity,zombie,walker,feral,radiated"/>
			<property name="ReplaceMaterial1" value="@:Entities/Zombies/Zombies/Materials/rad_eye.mat"/>
			<property name="ParticleOnSpawn" value="ParticleEffects/RadiatedParticlesOnMesh" param1="SetShapeToMesh0"/>

			<property name="DismemberMultiplierHead" value=".4"/><property name="DismemberMultiplierArms" value=".4"/><property name="DismemberMultiplierLegs" value=".4"/><!-- Radiated -->
			<property name="PainResistPerHit" value=".9"/><!-- Radiated -->

			<property name="LegCrawlerThreshold" value="0"/>
			<property name="LegCrippleThreshold" value="0.01"/>
			<property name="KnockdownProneDamageThreshold" value="0.45"/>
			<property name="KnockdownProneStunDuration" value="0.5,1.8"/>
			<property name="KnockdownProneRefillRate" value="0.045,0.045"/>
			<property name="KnockdownKneelDamageThreshold" value="0.38"/>
			<property name="KnockdownKneelStunDuration" value="0.5,1.8"/>
			<property name="KnockdownKneelRefillRate" value="0.045,0.045"/>
			<property name="LegsExplosionDamageMultiplier" value=".85"/>
			<property name="ArmsExplosionDamageMultiplier" value=".85"/>
			<property name="HeadExplosionDamageMultiplier" value=".85"/>
			<property name="ChestExplosionDamageMultiplier" value=".85"/>

			<!-- Gameplay -->
			<!-- <property name="Buffs" value="zombieRadiatedBuff80"/> -->
			<property name="ExperienceGain" value="1500"/>
			<property name="LootDropEntityClass" value="EntityLootContainerBoss"/>			
			<property name="LootDropProb" value=".25"/>

			<effect_group name="Base Effects">
				<passive_effect name="HealthMax" operation="base_set" value="1350"/>
				<passive_effect name="HealthMax" operation="perc_set" value="1"/> <!-- Zombie HP scale -->
				<!--<passive_effect name="EntityDamage" operation="perc_add" value="0"/>--> <!-- Feral damage -->
				<triggered_effect trigger="onSelfFirstSpawn" action="ModifyCVar" target="self" cvar="EntityBoss" operation="set" value="1"/>
				<triggered_effect trigger="onOtherDamagedSelf" action="ModifyCVar" target="self" cvar="RadiatedRegenAmount" operation="set" value="10"/>
				<triggered_effect trigger="onOtherDamagedSelf" action="AddBuff" target="self" buff="buffRadiatedRegen"/>
				<triggered_effect trigger="onSelfFirstSpawn" action="AddBuff" buff="zombieWightRadiationShowerPLUSAOE"/>
			</effect_group>
		</entity_class>

		<!-- Mutated Bogeyman --> <!-- + 10% hits and gains -->

		<entity_class name="zombieBogeymanPLUS" extends="zombieMutatedRadiated">
			<property name="Tags" value="entity,zombie,walker,feral,radiated"/>
			<property name="Mesh" value="@:Entities/Zombies/Prefabs/ZMutatedRadiated.prefab"/>
			<!--<property name="ParticleOnSpawn" value="ParticleEffects/RadiatedParticlesOnMesh" param1="SetShapeToMesh0"/>-->

			<!-- Gameplay zombieRadRadiated -->
			<property name="HandItem" value="meleeHandZombieBogeymanPLUS"/>
			<property name="DismemberMultiplierHead" value=".4"/><property name="DismemberMultiplierArms" value=".4"/><property name="DismemberMultiplierLegs" value=".4"/><!-- Radiated -->
			<property name="PainResistPerHit" value=".9"/><!-- Radiated -->
			<property name="MoveSpeedAggro" value=".8, 1.35"/>
			<property name="ExperienceGain" value="825"/>
			<property name="LootDropEntityClass" value="EntityLootContainerBoss"/>			
			<property name="LootDropProb" value=".25"/>
			<property name="SizeScale" value="1.3"/>			

			<effect_group name="Base Effects">
				<passive_effect name="HealthMax" operation="base_set" value="715"/>
				<triggered_effect trigger="onSelfFirstSpawn" action="AddBuff" target="self" buff="zombieBogeymanPLUSDeco"/>			
				<passive_effect name="HealthMax" operation="perc_set" value="1"/> <!-- Zombie HP scale -->
				<!--<passive_effect name="EntityDamage" operation="perc_add" value="0"/>--> <!-- Feral damage -->
				<triggered_effect trigger="onSelfFirstSpawn" action="ModifyCVar" target="self" cvar="EntityBoss" operation="set" value="1"/>
				<triggered_effect trigger="onOtherDamagedSelf" action="ModifyCVar" target="self" cvar="RadiatedRegenAmount" operation="set" value="5"/>
				<triggered_effect trigger="onOtherDamagedSelf" action="AddBuff" target="self" buff="buffRadiatedRegen"/>
				<triggered_effect trigger="onSelfFirstSpawn" action="AddBuff" buff="zombieWightRadiationShowerPLUSAOE"/>
			</effect_group>
		</entity_class>
		
		<!-- Crispy --> <!-- + 10% hits and gains -->

		<entity_class name="zombieCrispyPLUS" extends="zombieBurntRadiated">
			<property name="Tags" value="entity,zombie,walker,feral,radiated"/>
			<property name="Mesh" value="@:Entities/Zombies/Prefabs/ZBurntRadiated.prefab"/>
			<!--<property name="ParticleOnSpawn" value="ParticleEffects/RadiatedParticlesOnMesh" param1="SetShapeToMesh0"/>-->

			<!-- Gameplay zombieBurntRadiated -->
			<property name="DismemberMultiplierHead" value=".4"/><property name="DismemberMultiplierArms" value=".4"/><property name="DismemberMultiplierLegs" value=".4"/><!-- Radiated -->
			<property name="PainResistPerHit" value=".9"/><!-- Radiated -->
			<property name="MoveSpeedAggro" value=".8, 1.5"/>
			<property name="HandItem" value="meleeHandZombieCrispyPLUS"/>			
			<property name="ExperienceGain" value="1320"/>
			<property name="LootDropEntityClass" value="EntityLootContainerBoss"/>			
			<property name="LootDropProb" value=".25"/>
			<property name="SizeScale" value="1.3"/>

			<effect_group name="Base Effects">
				<passive_effect name="HealthMax" operation="base_set" value="605"/>
				<triggered_effect trigger="onSelfFirstSpawn" action="AddBuff" target="self" buff="zombieCrispyPLUSDeco"/>				
				<passive_effect name="HealthMax" operation="perc_set" value="1"/> <!-- Zombie HP scale -->
				<!--<passive_effect name="EntityDamage" operation="perc_add" value="0"/>--> <!-- Feral damage -->
				<triggered_effect trigger="onSelfFirstSpawn" action="ModifyCVar" target="self" cvar="EntityBoss" operation="set" value="1"/>
				<triggered_effect trigger="onOtherDamagedSelf" action="ModifyCVar" target="self" cvar="RadiatedRegenAmount" operation="set" value="5"/>
			</effect_group>
		</entity_class>
  
<!-- SNUFKIN IMPORTS -->

		<entity_class name="zombieScorcherPLUS" extends="zombieSoldier"> <!-- + 10% hits and gains -->
			<property name="SizeScale" value="1.2"/>
			<property name="Tags" value="entity,zombie,walker,boss,scorcherPLUS"/>
			<property name="Mesh" value="@:Entities/Zombies/Prefabs/ZDemolition.prefab"/>
			<property name="Class" value="EntityZombieCop"/>
			<property name="Mass" value="300"/>

			<property name="RightHandJointName" value="RightShoulder"/>
			
			<property name="AITask-1" value="BreakBlock"/>
			<property name="AITask-2" value="RangedAttackTarget" data="itemType=1;cooldown=4;duration=5"/>
			<property name="AITask-3" value="ApproachAndAttackTarget" data="class=EntityEnemyAnimal,0,EntityPlayer"/>
			<property name="AITask-4" value="ApproachSpot"/>
			<property name="AITask-5" value="Look"/>
			<property name="AITask-6" value="Wander"/>
			<property name="AITask-7" value=""/><!-- Marks end, so we don't inheirit -->
			<property name="DismemberMultiplierHead" value="0"/><property name="DismemberMultiplierArms" value=".7"/><property name="DismemberMultiplierLegs" value=".7"/><!-- Feral -->

			<property name="LegCrawlerThreshold" value="0"/>
			<property name="LegCrippleThreshold" value="0"/>
			<property name="KnockdownProneDamageThreshold" value="0"/>
			<property name="KnockdownKneelDamageThreshold" value="0"/>
			<property name="SoundRandom" value="demolitionzroam"/>
			<property name="SoundAlert" value="demolitionzalert"/>
			<property name="SoundAttack" value="demolitionzattack"/>
			<property name="SoundHurt" value="demolitionzpain"/>
			<property name="SoundDeath" value="demolitionzdeath"/>
			<property name="SoundSense" value="demolitionzsense"/>
			<property name="SoundFootstepModifier" value="bear_footstep"/>

			<property name="ExplodeHealthThreshold" value="0"/>
			<property name="HandItem" value="meleeHandZombieScorcherPLUS"/>
			<property name="JumpMaxDistance" value="1, 2"/>
			<property name="PainResistPerHit" value="1"/>
			<property name="StompsSpikes" value="true"/>
			<property name="ExplodeHealthThreshold" value="0"/> <!-- Disable Health explosion -->

			<property name="ExperienceGain" value="825"/>
			<property name="LootDropEntityClass" value="EntityLootContainerBoss"/>
			<property name="LootDropProb" value=".25"/>

			<effect_group name="Base Effects">
				<passive_effect name="HealthMax" operation="base_set" value="1100"/>
				<passive_effect name="HealthMax" operation="perc_set" value="1"/>
				<passive_effect name="DamageModifier" operation="perc_set" value="1" tags="head"/>
				<passive_effect name="PhysicalDamageResist" operation="base_set" value="60"/>
				<triggered_effect trigger="onSelfFirstSpawn" action="AddBuff" target="self" buff="zombieScorcherPLUSDeco"/>
				<triggered_effect trigger="onSelfFirstSpawn" action="ModifyCVar" target="self" cvar="EntityBoss" operation="set" value="1"/>
			</effect_group>
		</entity_class>
		
	</append>

</configs>