<configs>
	<append xpath="/items">
		<item name="ServerSideZombiesPLUSStarterKit">
			<property name="CustomIcon" value="cntWeaponsBagSmall"/><property name="ItemTypeIcon" value="bundle"/>
			<property name="DescriptionKey" value="ServerSideZombiesPLUSStarterKitDesc"/>
			<property name="HoldType" value="45"/>
			<property name="Meshfile" value="@:Other/Items/Misc/sackPrefab.prefab"/>
			<property name="DropMeshfile" value="@:Other/Items/Misc/sack_droppedPrefab.prefab"/>
			<property name="Material" value="Mcloth"/>
			<property name="Weight" value="0"/>
			<property name="EconomicValue" value="100"/>
			<property name="Group" value="Basics"/>
			<property class="Action0">
				<property name="Class" value="OpenBundle"/>
				<property name="Delay" value="0"/>
				<property name="Use_time" value="0"/>
				<property name="Sound_start" value="open_supply_crate"/>
				<property name="Create_item" value="meleeToolSalvageT1Wrench,resourceWood,resourceRockSmall,resourceYuccaFibers,resourceFeather,meleeWpnBladeT1HuntingKnife,drinkJarPureMineralWater,foodVegetableStew,gunHandgunT0PipePistol,ammo9mmBulletBall,gunShotgunT1DoubleBarrel,ammoShotgunShell,modGunScopeSmall,medicalFirstAidKit,modArmorHelmetLight,armorLeatherHood,resourceRepairKit,vehicleMinibikePlaceable,ammoGasCan"/>
				<property name="Create_item_count" value="1-3,50,25,25,10,1-3,2,3,1-3,150,1-3,80,1,3,1,1,3,1,1000"/>
			</property>
		</item>
	</append>
</configs>
